,Date,ABEV3.SA,BBAS3.SA,BRFS3.SA,CMIG4.SA,CPLE6.SA,EQTL3.SA,ITUB4.SA,LREN3.SA,PETR4.SA,RAIL3.SA,RENT3.SA,SBSP3.SA,SUZB3.SA,TAEE11.SA,VALE3.SA
0,2023-01-02,13.485133171081543,14.900657653808594,7.960000038146973,6.1987504959106445,7.195727825164795,25.434669494628906,22.028564453125,17.951759338378906,15.593501091003418,17.518957138061523,48.51570510864258,51.06489944458008,47.8607292175293,28.6517276763916,77.6457290649414
1,2023-01-03,13.466127395629883,14.622893333435059,7.559999942779541,6.051026344299316,7.063868999481201,24.813127517700195,21.569828033447266,17.524559020996094,15.198902130126953,17.12215232849121,47.32292175292969,50.57765197753906,48.710845947265625,28.351186752319336,77.50675964355469
2,2023-01-04,13.542153358459473,14.811056137084961,7.710000038146973,6.124888896942139,7.26165771484375,24.861684799194336,21.632780075073242,17.636001586914062,15.681943893432617,17.380075454711914,47.88145065307617,50.969356536865234,48.808563232421875,28.317792892456055,77.6457290649414
3,2023-01-05,13.580166816711426,15.487544059753418,8.380000114440918,6.181705951690674,7.205146789550781,24.939376831054688,22.307405471801758,17.36667823791504,16.246631622314453,17.499116897583008,48.27903747558594,52.24000930786133,49.11147689819336,28.434675216674805,78.9485092163086
4,2023-01-06,13.608675956726074,15.702585220336914,8.640000343322754,6.181705951690674,7.1015424728393555,24.861684799194336,22.69418716430664,18.007478713989258,16.151382446289062,17.657838821411133,49.19729232788086,52.47885513305664,48.798789978027344,29.528316497802734,80.19917297363281
5,2023-01-09,13.684701919555664,15.550265312194824,8.6899995803833,6.340793609619141,7.035613059997559,25.201589584350586,22.85610008239746,18.05391502380371,16.23982810974121,17.57847785949707,49.14048767089844,52.57439422607422,49.45348358154297,29.845552444458008,80.2860336303711
6,2023-01-10,13.817748069763184,15.814586639404297,9.0600004196167,6.374884128570557,7.007357120513916,25.424957275390625,23.296850204467773,18.592557907104492,16.389503479003906,17.98520278930664,50.72139358520508,52.72725296020508,48.83787536621094,29.878944396972656,81.27613830566406
7,2023-01-11,13.580166816711426,16.038591384887695,8.460000038146973,6.6362433433532715,7.337004661560059,26.570924758911133,23.701618194580078,19.335521697998047,16.518770217895508,18.382009506225586,52.084564208984375,53.33869552612305,48.12455749511719,29.840158462524414,80.98953247070312
8,2023-01-12,13.399604797363281,15.935547828674316,8.5600004196167,6.573745250701904,7.280494213104248,26.755447387695312,23.368804931640625,19.72557258605957,16.75688934326172,18.520891189575195,51.62070846557617,52.70814514160156,49.11147689819336,30.377819061279297,81.41510772705078
9,2023-01-13,13.190532684326172,15.971390724182129,8.0,6.488519191741943,7.327586650848389,26.298999786376953,23.251874923706055,18.704004287719727,16.7160701751709,18.22328758239746,50.844459533691406,52.25912094116211,49.27759552001953,30.256410598754883,81.48458862304688
10,2023-01-16,12.544310569763184,15.953466415405273,7.570000171661377,6.42602014541626,7.2522382736206055,26.056209564208984,23.000015258789062,18.3232364654541,16.355485916137695,18.153846740722656,50.88231658935547,52.40242385864258,49.45348358154297,30.265087127685547,80.12100219726562
11,2023-01-17,13.171525955200195,16.889801025390625,7.840000152587891,6.619198322296143,7.2522382736206055,26.046499252319336,23.47674560546875,18.518264770507812,17.362396240234375,18.421689987182617,52.6241569519043,52.88011169433594,50.04954147338867,30.44719886779785,80.01677703857422
12,2023-01-18,13.095499992370605,17.131723403930664,7.929999828338623,6.64760684967041,7.28991174697876,26.629194259643555,23.899505615234375,19.177640914916992,17.056241989135742,18.719295501708984,54.85824203491211,52.72725296020508,48.720619201660156,30.43852424621582,81.06769561767578
13,2023-01-19,12.962454795837402,17.5214900970459,7.71999979019165,6.6362433433532715,7.355842113494873,26.600061416625977,23.899505615234375,19.31694793701172,17.614126205444336,18.917695999145508,53.87372970581055,52.87055969238281,48.212501525878906,30.854782104492188,81.41510772705078
14,2023-01-20,12.857917785644531,17.951574325561523,7.900000095367432,6.460109233856201,7.280494213104248,26.21159553527832,23.47674560546875,19.08477210998535,17.940690994262695,18.213367462158203,52.25496292114258,51.20820236206055,46.062774658203125,30.54258918762207,81.63223266601562
15,2023-01-23,12.753382682800293,17.817171096801758,7.789999961853027,6.363521575927734,7.242819786071777,26.21159553527832,22.757150650024414,18.93617820739746,18.2264347076416,18.342329025268555,53.32467269897461,50.05220031738281,45.90643310546875,30.820091247558594,81.9014663696289
16,2023-01-24,12.933943748474121,17.72757339477539,8.020000457763672,6.482837677001953,7.327586650848389,26.44467544555664,22.964035034179688,19.772010803222656,18.097169876098633,18.669692993164062,55.12331008911133,51.427940368652344,46.424320220947266,30.976184844970703,82.7699966430664
17,2023-01-25,13.028977394104004,18.211416244506836,8.140000343322754,6.658969402313232,7.355842113494873,27.06621742248535,23.04499626159668,20.180635452270508,18.3284854888916,18.63001251220703,56.032081604003906,52.10626220703125,45.70123291015625,31.071582794189453,83.5516586303711
18,2023-01-26,13.057486534118652,18.202457427978516,8.199999809265137,6.471474647521973,7.412353515625,27.173044204711914,22.91006851196289,20.27350616455078,17.859046936035156,18.63993263244629,56.12675094604492,51.647682189941406,44.36254119873047,31.45314598083496,85.11499786376953
19,2023-01-27,12.971957206726074,18.000850677490234,7.769999980926514,6.363521575927734,7.205146789550781,26.988525390625,22.424339294433594,19.744150161743164,17.430431365966797,18.382009506225586,55.70075988769531,51.20820236206055,44.04985046386719,31.66126251220703,82.78736114501953
20,2023-01-30,12.857917785644531,18.283098220825195,7.53000020980835,6.346476078033447,7.176890850067139,26.70688819885254,22.433338165283203,19.679141998291016,17.518875122070312,18.04472541809082,55.378902435302734,51.647682189941406,45.22242736816406,31.600566864013672,82.4920654296875
21,2023-01-31,12.981460571289062,18.233814239501953,7.960000038146973,6.511246204376221,7.3181681632995605,27.211891174316406,22.784143447875977,20.087764739990234,17.73658561706543,18.233205795288086,56.051025390625,53.1762809753418,45.300601959228516,32.15556716918945,82.08386993408203
22,2023-02-01,12.525304794311523,18.014293670654297,8.569999694824219,6.488519191741943,7.346423149108887,27.192466735839844,22.484981536865234,20.11562728881836,17.49165916442871,17.98520278930664,55.40729904174805,53.11895751953125,45.68169021606445,31.522520065307617,81.17192077636719
23,2023-02-02,12.458781242370605,17.673810958862305,7.909999847412109,6.488519191741943,7.129798412322998,27.250736236572266,22.69200897216797,20.227073669433594,16.682052612304688,18.2530460357666,56.94086837768555,53.22404861450195,43.9912223815918,31.227664947509766,77.41990661621094
24,2023-02-03,12.335238456726074,17.561805725097656,7.730000019073486,6.346476078033447,7.0261945724487305,26.40582847595215,22.611000061035156,18.815448760986328,16.865745544433594,17.895923614501953,54.83931350708008,51.112667083740234,45.25174331665039,30.984853744506836,77.25489044189453
25,2023-02-06,12.373251914978027,17.660367965698242,7.170000076293945,6.437382698059082,7.129798412322998,26.1533260345459,22.619997024536133,18.759727478027344,17.539289474487305,17.399917602539062,54.725711822509766,51.13177490234375,44.90974044799805,31.297042846679688,76.29083251953125
26,2023-02-07,12.316232681274414,17.41844367980957,6.679999828338623,6.232841491699219,6.941428184509277,25.687170028686523,22.097930908203125,18.36038589477539,17.430431365966797,17.56855583190918,54.233455657958984,49.36432647705078,45.0074577331543,30.811420440673828,76.7945785522461
27,2023-02-08,12.534807205200195,17.830610275268555,6.900000095367432,6.329431056976318,7.1015424728393555,26.18246078491211,23.92517852783203,18.66685676574707,17.722980499267578,17.657838821411133,55.426239013671875,50.20505905151367,44.89997100830078,31.175642013549805,77.05513000488281
28,2023-02-09,12.373251914978027,17.736530303955078,6.880000114440918,6.170342922210693,6.922591686248779,25.463802337646484,23.33109474182129,17.87746238708496,17.641340255737305,16.854307174682617,53.64653778076172,49.75603485107422,45.24197006225586,30.854782104492188,76.76851654052734
29,2023-02-10,12.221199035644531,18.08597755432129,6.420000076293945,6.227160930633545,7.0167765617370605,25.978519439697266,23.223073959350586,17.905324935913086,18.178810119628906,17.399917602539062,53.7790641784668,50.634979248046875,45.33968734741211,31.305715560913086,75.38758087158203
30,2023-02-13,12.477787971496582,18.189014434814453,6.909999847412109,6.25556755065918,7.054450035095215,25.84255599975586,24.042184829711914,17.96104621887207,18.233238220214844,17.370155334472656,53.58026885986328,51.112667083740234,45.642601013183594,31.479162216186523,75.30939483642578
31,2023-02-14,12.35424518585205,18.614620208740234,6.460000038146973,6.1987504959106445,6.903754234313965,25.590055465698242,23.745145797729492,17.385250091552734,18.165205001831055,17.22135353088379,52.50109100341797,52.06804656982422,45.87711715698242,31.028215408325195,75.64813232421875
32,2023-02-15,12.572819709777832,18.78486442565918,6.710000038146973,6.193069934844971,6.997939586639404,25.832843780517578,24.0961971282959,17.85888671875,18.192415237426758,17.290794372558594,53.599205017089844,51.97250747680664,47.079010009765625,31.149621963500977,77.2983169555664
33,2023-02-16,12.43027114868164,18.995424270629883,6.769999980926514,6.215795516967773,7.0261945724487305,25.716304779052734,24.276216506958008,17.998193740844727,18.267255783081055,17.806642532348633,54.99077606201172,52.58395004272461,46.66860580444336,31.08024787902832,77.46334075927734
34,2023-02-17,12.544310569763184,19.183584213256836,6.860000133514404,6.215795516967773,7.035613059997559,25.687170028686523,24.195209503173828,18.221080780029297,17.98831558227539,18.114166259765625,54.612117767333984,52.59349822998047,45.88689041137695,31.271026611328125,76.45584869384766
35,2023-02-22,12.553813934326172,18.70870018005371,6.400000095367432,6.0680718421936035,6.790732383728027,25.114185333251953,23.745145797729492,17.357393264770508,17.525678634643555,17.85624122619629,52.57682418823242,50.998023986816406,44.9879150390625,30.889463424682617,75.87393188476562
36,2023-02-23,12.591827392578125,18.86102294921875,6.5,6.0737528800964355,6.7248029708862305,25.298707962036133,23.835159301757812,17.812454223632812,18.06315040588379,17.7669620513916,52.378028869628906,50.35791778564453,45.095401763916016,30.96750831604004,75.5178451538086
37,2023-02-24,12.658349990844727,18.49858283996582,6.460000038146973,5.9942097663879395,6.696547508239746,24.95880126953125,23.106061935424805,17.65457534790039,17.620927810668945,17.866161346435547,52.065635681152344,50.33881378173828,45.095401763916016,30.742046356201172,73.85897827148438
38,2023-02-27,12.734375953674316,18.247243881225586,6.46999979019165,5.9942097663879395,6.705965995788574,24.774280548095703,22.80902099609375,17.831029891967773,17.791011810302734,17.93560218811035,51.89523696899414,50.97891616821289,45.28105926513672,30.620635986328125,73.85897827148438
39,2023-02-28,12.724872589111328,18.41632843017578,6.159999847412109,5.954437255859375,6.640036582946777,24.69658660888672,22.89004135131836,17.320241928100586,17.171899795532227,17.816560745239258,52.52949142456055,49.440757751464844,46.64906692504883,30.837434768676758,74.10216522216797
40,2023-03-01,12.800899505615234,17.822254180908203,6.489999771118164,5.931710720062256,6.602362632751465,24.172161102294922,22.51861572265625,16.623716354370117,17.212722778320312,17.290794372558594,50.47526550292969,49.75603485107422,45.70123291015625,30.958845138549805,77.4720230102539
41,2023-03-02,12.477787971496582,17.10479164123535,6.739999771118164,5.880575656890869,6.564687728881836,24.220718383789062,21.780004501342773,16.809459686279297,16.76369285583496,17.62807846069336,50.304866790771484,49.55540084838867,45.63283157348633,30.924150466918945,77.2983169555664
42,2023-03-03,12.458781242370605,17.29672622680664,6.71999979019165,5.840803623199463,6.536433696746826,24.405241012573242,21.807024002075195,16.484413146972656,17.484859466552734,17.548717498779297,50.125003814697266,49.12548065185547,47.09855270385742,30.958845138549805,77.55887603759766
43,2023-03-06,12.829408645629883,17.68973159790039,7.190000057220459,5.931710720062256,6.602362632751465,24.754858016967773,22.302431106567383,16.846607208251953,17.661746978759766,17.915761947631836,50.49419403076172,49.24013137817383,46.688148498535156,31.158296585083008,74.82304382324219
44,2023-03-07,12.762886047363281,18.0964412689209,6.889999866485596,5.982846736907959,6.555270195007324,24.764568328857422,22.36548614501953,16.939476013183594,17.07665252685547,18.22328758239746,50.56045913696289,49.58406448364258,46.658836364746094,31.140947341918945,74.11083984375
45,2023-03-08,12.943448066711426,18.279233932495117,7.079999923706055,6.102161884307861,6.658873081207275,25.298707962036133,22.644712448120117,18.2025089263916,17.294363021850586,18.848255157470703,53.01227569580078,50.787837982177734,46.355918884277344,31.392436981201172,74.78828430175781
46,2023-03-09,12.92444133758545,17.881662368774414,6.989999771118164,5.948756217956543,6.366899490356445,25.36668586730957,22.212360382080078,17.951759338378906,17.219526290893555,18.927616119384766,52.97441101074219,49.803802490234375,45.40808868408203,31.305715560913086,73.80686950683594
47,2023-03-10,12.838912010192871,17.543495178222656,6.590000152587891,5.971482276916504,6.3480634689331055,25.405532836914062,21.680919647216797,17.580278396606445,16.995010375976562,18.86809539794922,51.98043441772461,48.54270553588867,44.040077209472656,31.253686904907227,73.56367492675781
48,2023-03-13,12.933943748474121,17.433818817138672,6.559999942779541,5.99989128112793,6.423411846160889,25.512361526489258,21.41970443725586,17.849599838256836,16.457538604736328,18.808574676513672,51.81950759887695,49.469417572021484,43.561279296875,31.522520065307617,73.86766815185547
49,2023-03-14,13.257055282592773,17.30099868774414,6.599999904632568,6.107843399047852,6.479922771453857,25.327842712402344,21.347646713256836,17.153078079223633,16.16499137878418,18.421689987182617,49.7084846496582,50.13818359375,43.94236373901367,31.739316940307617,74.54014587402344
50,2023-03-15,13.323578834533691,17.319448471069336,6.690000057220459,6.204432964324951,6.640036582946777,26.26015281677246,21.293598175048828,17.218090057373047,15.879243850708008,18.342329025268555,50.07767105102539,50.988468170166016,43.209503173828125,32.30299758911133,72.2945327758789
51,2023-03-16,13.551656723022461,17.503942489624023,6.690000057220459,6.1589789390563965,6.555270195007324,25.988229751586914,21.644895553588867,17.36667823791504,15.824816703796387,18.501049041748047,52.81348419189453,51.112667083740234,42.98476028442383,31.002199172973633,72.56080627441406
52,2023-03-17,13.513644218444824,17.20414161682129,7.0,5.977163791656494,6.319807052612305,24.68687629699707,21.02337646484375,16.781599044799805,15.994904518127441,18.63001251220703,50.87285614013672,49.440757751464844,42.59389877319336,30.7680606842041,73.43064880371094
53,2023-03-20,13.418610572814941,17.10727882385254,6.820000171661377,5.954437255859375,6.310389041900635,24.463510513305664,21.077421188354492,16.215089797973633,15.600302696228027,18.36216926574707,50.22913360595703,48.2274284362793,42.24212646484375,30.828763961791992,74.03421783447266
54,2023-03-21,13.257055282592773,17.310222625732422,6.590000152587891,5.914666175842285,6.1973676681518555,24.34697151184082,21.50977897644043,16.345108032226562,15.920063972473145,18.421689987182617,49.291954040527344,47.23383712768555,41.96852493286133,30.221725463867188,73.41288757324219
55,2023-03-22,13.257055282592773,17.351736068725586,6.139999866485596,5.931710720062256,6.272715091705322,24.434375762939453,21.383670806884766,16.20652961730957,15.872442245483398,18.27288818359375,49.22568893432617,47.386695861816406,41.900123596191406,30.08297348022461,72.49868774414062
56,2023-03-23,13.095499992370605,17.16262435913086,5.550000190734863,5.977163791656494,6.225623607635498,23.82254409790039,20.852231979370117,15.78424072265625,15.511856079101562,17.687599182128906,47.389190673828125,46.05872344970703,41.274749755859375,29.91820526123047,70.63473510742188
57,2023-03-24,13.20003604888916,17.33789825439453,6.179999828338623,6.039662837982178,6.329226970672607,24.638317108154297,21.154705047607422,15.943771362304688,15.505058288574219,18.005043029785156,48.553565979003906,45.208438873291016,41.65583801269531,30.351808547973633,69.82701873779297
58,2023-03-27,13.238049507141113,17.347122192382812,6.070000171661377,6.187387943267822,6.423411846160889,25.24043846130371,21.519132614135742,16.215913772583008,15.770389556884766,18.183605194091797,49.10261917114258,46.46953201293945,41.03046417236328,30.325790405273438,69.71163177490234
59,2023-03-28,13.865264892578125,17.467039108276367,6.309999942779541,6.327816009521484,6.4987592697143555,25.91053581237793,21.619340896606445,16.769580841064453,16.04932975769043,18.382009506225586,50.59832763671875,47.45357131958008,41.31383514404297,30.377819061279297,70.4483413696289
60,2023-03-29,14.074337005615234,17.66999053955078,6.349999904632568,6.4434990882873535,6.489340782165527,25.81342124938965,21.82888412475586,15.953153610229492,16.260236740112305,18.55065155029297,50.68724822998047,47.66375732421875,42.08578109741211,30.282426834106445,71.46018981933594
61,2023-03-30,14.083839416503906,17.992855072021484,6.570000171661377,6.564965724945068,6.602362632751465,26.289289474487305,22.43018913269043,16.553741455078125,16.307863235473633,18.897855758666992,52.5002326965332,48.666900634765625,42.06623840332031,30.221725463867188,72.62293243408203
62,2023-03-31,13.618179321289062,18.038978576660156,6.210000038146973,6.61702299118042,6.536433696746826,26.18246078491211,22.53951072692871,15.54963493347168,15.954083442687988,18.699453353881836,50.95442581176758,48.351627349853516,40.64937210083008,30.204381942749023,71.2649154663086
63,2023-04-03,13.618179321289062,17.826810836791992,6.0,6.697999954223633,6.592944145202637,26.104768753051758,21.90829086303711,14.461065292358398,16.66164207458496,18.818492889404297,49.713966369628906,48.1510009765625,41.76332473754883,30.048288345336914,71.28266906738281
64,2023-04-04,13.713212966918945,18.12200355529785,6.130000114440918,6.750058174133301,6.734221458435059,26.80400276184082,22.345911026000977,14.44229793548584,16.511964797973633,19.056577682495117,50.7540397644043,48.52359390258789,41.382232666015625,30.507902145385742,69.26782989501953
65,2023-04-05,13.684701919555664,18.05742835998535,6.199999809265137,6.761623382568359,6.7248029708862305,26.483522415161133,22.327672958374023,14.048160552978516,16.566394805908203,18.501049041748047,50.391448974609375,47.64464569091797,40.043540954589844,30.507902145385742,68.24710083007812
66,2023-04-06,13.713212966918945,17.997468948364258,6.139999866485596,6.761623382568359,6.715384483337402,26.881696701049805,22.25473403930664,14.742591857910156,16.328271865844727,18.510969161987305,49.84754943847656,47.959922790527344,39.43770980834961,30.395166397094727,68.12284088134766
67,2023-04-10,13.741722106933594,18.006694793701172,6.170000076293945,6.865739345550537,6.753058433532715,26.978811264038086,22.49178123474121,14.507987022399902,16.675249099731445,18.441530227661133,49.64716339111328,47.0714225769043,40.199886322021484,29.441251754760742,69.43648529052734
68,2023-04-11,14.045825958251953,18.421804428100586,6.760000228881836,6.987205505371094,6.979102611541748,27.250736236572266,23.221149444580078,15.859312057495117,17.457645416259766,18.887935638427734,54.1987190246582,48.72422409057617,41.57766342163086,29.432579040527344,73.10224151611328
69,2023-04-12,14.026820182800293,19.70404624938965,6.809999942779541,7.212785720825195,7.186308860778809,27.707183837890625,23.376131057739258,16.13145637512207,17.586912155151367,19.165699005126953,54.86665344238281,49.07771301269531,41.23566436767578,30.091644287109375,71.54006958007812
70,2023-04-13,13.865264892578125,19.694820404052734,6.289999961853027,7.137592315673828,7.3746795654296875,27.9305477142334,23.376131057739258,15.81239128112793,17.709373474121094,19.086339950561523,55.296051025390625,49.03950119018555,40.36600112915039,30.30844497680664,70.57260131835938
71,2023-04-14,13.922284126281738,20.031524658203125,6.170000076293945,7.1202392578125,7.412353515625,27.940261840820312,23.71346664428711,15.296258926391602,17.893064498901367,19.135940551757812,54.79986572265625,47.41535949707031,39.56473922729492,30.17836570739746,69.95127868652344
72,2023-04-17,14.017316818237305,20.07764434814453,6.199999809265137,7.189648628234863,7.308750152587891,27.61977767944336,23.667882919311523,15.709165573120117,18.17201042175293,19.542665481567383,55.22925567626953,46.7752571105957,39.535423278808594,30.66399574279785,69.116943359375
73,2023-04-18,13.903277397155762,20.114545822143555,6.019999980926514,7.212785720825195,7.233401298522949,27.231313705444336,23.6496524810791,15.061655044555664,18.634639739990234,19.463306427001953,54.265506744384766,45.43772888183594,40.22919845581055,30.44719886779785,69.71163177490234
74,2023-04-19,13.855761528015137,19.879314422607422,6.0,7.154943943023682,7.214564800262451,26.590349197387695,23.275856018066406,14.235844612121582,18.035938262939453,19.155778884887695,52.33802032470703,45.96318435668945,40.248741149902344,30.117660522460938,67.67904663085938
75,2023-04-20,13.874768257141113,20.068424224853516,5.989999771118164,7.253273963928223,7.3181681632995605,27.27987289428711,23.339672088623047,14.245229721069336,18.15839958190918,19.54998016357422,53.93153762817383,46.38355255126953,39.37908172607422,30.048288345336914,66.26777648925781
76,2023-04-24,13.62768268585205,20.026906967163086,6.0,7.2359209060668945,7.346423149108887,26.95939064025879,23.12997817993164,14.17015552520752,18.5053768157959,19.65947723388672,53.912452697753906,46.49819564819336,38.76347732543945,30.733367919921875,63.87126922607422
77,2023-04-25,13.580166816711426,19.842416763305664,5.909999847412109,7.218569755554199,7.384097099304199,26.813716888427734,23.339672088623047,13.86047649383545,18.430538177490234,19.60970687866211,53.626197814941406,46.61284255981445,37.91335678100586,30.742046356201172,62.13157653808594
78,2023-04-26,13.504140853881836,19.680980682373047,5.909999847412109,7.17229700088501,7.393515586853027,26.541791915893555,23.102622985839844,14.057544708251953,18.199220657348633,19.41062355041504,54.007877349853516,45.79121780395508,37.38569641113281,30.46454620361328,62.37122344970703
79,2023-04-27,13.456624031066895,19.70404624938965,5.820000171661377,7.2359209060668945,7.478282451629639,26.415538787841797,23.512889862060547,14.085698127746582,17.756996154785156,19.380760192871094,55.000247955322266,44.358154296875,37.13164138793945,30.62930679321289,63.69374465942383
80,2023-04-28,13.456624031066895,19.76861572265625,6.340000152587891,7.208531379699707,7.553630352020264,26.551502227783203,23.631418228149414,14.864587783813477,18.163305282592773,19.60970687866211,55.35329818725586,44.07154083251953,38.890506744384766,31.574552536010742,64.26180267333984
81,2023-05-02,13.551656723022461,19.298152923583984,6.079999923706055,7.214366912841797,7.553630352020264,26.295429229736328,22.716941833496094,14.001239776611328,17.427576065063477,19.589797973632812,53.4639778137207,43.704063415527344,39.750396728515625,31.288379669189453,61.72328567504883
82,2023-05-03,13.855761528015137,19.23819351196289,6.320000171661377,7.132650375366211,7.412353515625,25.99997329711914,22.680448532104492,13.672791481018066,17.36626625061035,19.848608016967773,54.05558395385742,43.350341796875,39.183650970458984,31.297042846679688,61.24399185180664
83,2023-05-04,13.903277397155762,19.454975128173828,6.420000076293945,7.097629070281982,7.48769998550415,26.689367294311523,22.862913131713867,14.507987022399902,17.642168045043945,19.80879020690918,54.96207809448242,45.32528305053711,38.69507598876953,31.01515007019043,59.34453201293945
84,2023-05-05,13.770231246948242,19.948501586914062,6.559999942779541,6.928359508514404,7.393515586853027,27.014366149902344,23.711381912231445,15.859312057495117,18.393218994140625,20.85397720336914,55.677730560302734,45.040340423583984,40.65914535522461,31.223718643188477,61.27949142456055
85,2023-05-08,13.789238929748535,19.870088577270508,7.019999980926514,6.910849571228027,7.28991174697876,27.053760528564453,24.03981590270996,15.765470504760742,18.784076690673828,20.46576499938965,55.51551818847656,45.14842224121094,40.913204193115234,31.31930923461914,62.104949951171875
86,2023-05-09,13.779735565185547,19.81012725830078,7.179999828338623,6.992565155029297,7.402935028076172,27.378759384155273,24.185787200927734,16.422367095947266,18.845388412475586,20.396085739135742,56.231170654296875,45.335105895996094,40.551658630371094,31.501800537109375,62.74402618408203
87,2023-05-10,13.684701919555664,20.068424224853516,7.059999942779541,7.085955619812012,7.48769998550415,27.615123748779297,24.54159927368164,16.422367095947266,18.79940414428711,20.396085739135742,57.29988098144531,47.172481536865234,40.7373161315918,31.762502670288086,61.56351852416992
88,2023-05-11,13.779735565185547,20.47892189025879,7.489999771118164,7.191019058227539,7.412353515625,27.979516983032227,24.7788028717041,15.878081321716309,19.48914909362793,20.744482040405273,59.00790023803711,47.61463165283203,40.620059967041016,32.214385986328125,60.365272521972656
89,2023-05-12,13.732218742370605,20.4005126953125,7.409999847412109,7.103465557098389,7.3181681632995605,28.353759765625,24.550718307495117,15.78424072265625,20.117584228515625,20.754436492919922,58.712093353271484,51.07322692871094,41.470176696777344,32.31866455078125,60.42739486694336
90,2023-05-15,13.893774032592773,20.497371673583984,7.309999942779541,7.214366912841797,7.3181681632995605,28.521183013916016,24.64195442199707,16.272218704223633,19.66541862487793,20.8937931060791,58.45446014404297,51.456424713134766,41.929439544677734,32.30128860473633,61.297237396240234
91,2023-05-16,13.874768257141113,19.906986236572266,6.639999866485596,7.115140914916992,7.2522382736206055,28.284818649291992,24.559843063354492,15.934386253356934,20.155902862548828,20.625030517578125,58.33041000366211,50.03171920776367,42.71115493774414,32.17094039916992,60.036861419677734
92,2023-05-17,13.83675479888916,19.939273834228516,7.139999866485596,6.975056171417236,7.158053874969482,28.186336517333984,24.806169509887695,17.473398208618164,19.66541862487793,20.724573135375977,59.39912414550781,49.678001403808594,42.7307014465332,32.23176956176758,62.02506637573242
93,2023-05-18,13.827251434326172,19.925437927246094,7.960000038146973,6.986729145050049,7.129798412322998,28.40300178527832,24.714937210083008,17.68923568725586,19.780376434326172,20.973426818847656,60.057525634765625,50.100502014160156,44.31367874145508,32.2926025390625,62.11383056640625
94,2023-05-19,13.855761528015137,20.312875747680664,8.1899995803833,7.074281692504883,7.12037992477417,28.86587905883789,24.514230728149414,18.214750289916992,19.74972152709961,21.082923889160156,60.41057586669922,50.139801025390625,44.382080078125,32.22308349609375,61.430381774902344
95,2023-05-22,13.893774032592773,20.04535675048828,8.149999618530273,7.039261341094971,7.1015424728393555,28.796939849853516,24.048940658569336,17.76430892944336,19.634763717651367,21.033151626586914,60.41057586669922,49.95311737060547,44.14756393432617,32.22308349609375,60.44514465332031
96,2023-05-23,13.865264892578125,20.51582145690918,7.75,7.004240036010742,7.186308860778809,28.708303451538086,24.240530014038086,17.473398208618164,20.117584228515625,20.9137020111084,60.114768981933594,49.599395751953125,44.81202697753906,32.37081527709961,59.07825469970703
97,2023-05-24,13.931787490844727,20.575782775878906,7.320000171661377,7.004240036010742,7.1015424728393555,28.284818649291992,24.103681564331055,17.25756072998047,20.42413902282715,20.65489387512207,59.80942916870117,49.15724563598633,43.571048736572266,32.44033432006836,57.73799133300781
98,2023-05-25,14.007813453674316,20.59884262084961,7.53000020980835,7.027586936950684,7.233401298522949,28.531030654907227,24.86090850830078,18.299205780029297,20.270862579345703,20.8937931060791,61.011722564697266,50.4345703125,43.111785888671875,32.692344665527344,57.56047058105469
99,2023-05-26,14.026820182800293,20.47892189025879,7.599999904632568,7.021751403808594,7.233401298522949,28.46209144592285,24.669321060180664,18.80595588684082,20.539094924926758,20.90374755859375,61.2979850769043,52.556888580322266,44.31367874145508,32.74449157714844,58.87410354614258
100,2023-05-29,14.026820182800293,20.4420223236084,7.380000114440918,6.986729145050049,7.2522382736206055,27.812091827392578,24.559843063354492,18.477506637573242,20.45479393005371,20.65489387512207,61.28844451904297,52.0164794921875,44.342994689941406,32.90091323852539,58.4303092956543
101,2023-05-30,13.760727882385254,20.617292404174805,7.269999980926514,6.951707363128662,7.12037992477417,27.67421531677246,24.213159561157227,18.130292892456055,20.224878311157227,20.714618682861328,60.315155029296875,51.5939826965332,44.08893585205078,32.666282653808594,57.05453872680664
102,2023-05-31,13.694205284118652,20.58039665222168,8.130000114440918,6.8291335105896,6.988520622253418,27.72345542907715,24.021568298339844,18.252286911010742,20.017953872680664,20.724573135375977,59.19873809814453,51.63328552246094,43.75670623779297,32.08403778076172,56.63737487792969
103,2023-06-01,13.532649993896484,20.6357421875,8.470000267028809,6.869992256164551,7.0167765617370605,27.526487350463867,24.375473022460938,19.29393196105957,20.661718368530273,21.869300842285156,62.528907775878906,51.38764572143555,43.9716796875,32.22308349609375,57.835628509521484
104,2023-06-02,13.741722106933594,20.692638397216797,8.59000015258789,6.934197425842285,7.0261945724487305,27.733304977416992,24.731515884399414,19.209474563598633,20.830322265625,22.526275634765625,63.12051773071289,52.18351745605469,45.35922622680664,32.09272766113281,60.303138732910156
105,2023-06-05,13.694205284118652,20.82213592529297,8.649999618530273,6.934197425842285,7.045032024383545,27.703758239746094,24.78629493713379,19.256397247314453,21.05257225036621,22.466552734375,63.44492721557617,51.32869338989258,45.740318298339844,31.866785049438477,59.80607986450195
106,2023-06-06,14.083839416503906,21.062641143798828,8.65999984741211,7.109302997589111,7.129798412322998,28.599971771240234,24.959749221801758,19.819448471069336,21.4970760345459,22.824901580810547,64.69493865966797,52.81235122680664,45.86734390258789,32.46640396118164,60.00135803222656
107,2023-06-07,14.112349510192871,21.05339241027832,8.710000038146973,7.12097692489624,7.2522382736206055,29.161334991455078,25.032787322998047,20.316810607910156,22.125511169433594,22.466552734375,64.45638275146484,52.380027770996094,44.78271484375,32.55330276489258,60.95107650756836
108,2023-06-09,14.387944221496582,22.08016014099121,8.829999923706055,7.325267791748047,7.515956401824951,29.94921112060547,25.37969970703125,20.485727310180664,23.206113815307617,22.297330856323242,65.05754089355469,53.52961730957031,44.20619583129883,33.0312614440918,60.67592239379883
109,2023-06-12,14.406950950622559,22.880300521850586,8.869999885559082,7.459515571594238,7.48769998550415,30.431787490844727,25.10582733154297,21.414762496948242,23.6122989654541,22.396873474121094,64.15105438232422,53.74578094482422,45.63283157348633,33.16161346435547,59.57530975341797
110,2023-06-13,14.511487007141113,22.64215660095215,8.84000015258789,7.325267791748047,7.402935028076172,30.62875747680664,25.388835906982422,20.176050186157227,23.566221237182617,22.47650718688965,62.805625915527344,52.782875061035156,45.974830627441406,32.71841812133789,60.205501556396484
111,2023-06-14,14.568506240844727,22.75392723083496,9.140000343322754,7.442004203796387,7.440608024597168,30.67799949645996,25.73575210571289,20.166662216186523,24.57876968383789,22.844810485839844,64.00792694091797,52.841827392578125,45.58397674560547,33.118167877197266,61.261741638183594
112,2023-06-15,14.435460090637207,23.219621658325195,9.3100004196167,7.447841167449951,7.42177152633667,30.67799949645996,26.07353973388672,19.77252769470215,23.999004364013672,22.85476303100586,63.58807373046875,52.45863342285156,47.235355377197266,33.0312614440918,61.741031646728516
113,2023-06-16,14.321420669555664,23.047313690185547,9.210000038146973,7.243550777435303,7.3181681632995605,30.254514694213867,26.15570068359375,19.078096389770508,24.203147888183594,21.76976203918457,62.09950256347656,52.83200454711914,47.196266174316406,32.49247360229492,61.83866882324219
114,2023-06-19,14.359434127807617,23.475753784179688,9.25,7.313593864440918,7.3746795654296875,30.116636276245117,26.511749267578125,19.500385284423828,24.840072631835938,22.028568267822266,64.52318572998047,53.637699127197266,46.609981536865234,32.85745620727539,61.59901809692383
115,2023-06-20,14.387944221496582,23.471099853515625,9.699999809265137,7.436168193817139,7.440608024597168,30.412090301513672,26.499120712280273,20.251123428344727,24.96255874633789,22.31723976135254,63.998374938964844,54.472869873046875,46.355918884277344,32.874839782714844,60.01022720336914
116,2023-06-21,14.520989418029785,24.211557388305664,9.510000228881836,7.523721218109131,7.412353515625,30.36284828186035,26.75711441040039,20.420040130615234,26.007768630981445,22.167926788330078,64.29418182373047,54.63007736206055,45.4178581237793,32.89221954345703,59.40666198730469
117,2023-06-22,14.777578353881836,23.750516891479492,9.359999656677246,7.290246486663818,7.233401298522949,29.545425415039062,26.499120712280273,20.08220672607422,25.681142807006836,22.05843162536621,64.7426528930664,53.64752197265625,44.81202697753906,32.657588958740234,59.087127685546875
118,2023-06-23,14.720558166503906,23.759830474853516,9.5,7.535394191741943,7.600722789764404,31.022695541381836,26.41619873046875,20.936166763305664,24.627765655517578,21.719989776611328,64.40867614746094,54.787288665771484,44.89019775390625,33.06602478027344,58.49244689941406
119,2023-06-26,14.578009605407715,23.815711975097656,8.90999984741211,7.4903035163879395,7.478282451629639,30.973453521728516,26.37934684753418,20.30742835998535,25.183032989501953,21.580631256103516,64.40867614746094,53.942291259765625,44.56774139404297,32.85745620727539,58.61671447753906
120,2023-06-27,14.616023063659668,23.377960205078125,8.670000076293945,7.478452682495117,7.393515586853027,30.845422744750977,26.084501266479492,19.791296005249023,24.987056732177734,21.540813446044922,63.521270751953125,54.26653289794922,43.81533432006836,32.55330276489258,59.31790542602539
121,2023-06-28,14.463970184326172,23.093883514404297,8.300000190734863,7.419192790985107,7.365260601043701,30.76663589477539,25.937082290649414,19.810392379760742,25.223857879638672,21.461181640625,63.31135559082031,53.7556037902832,43.16064453125,32.39688491821289,57.44508361816406
122,2023-06-29,14.463970184326172,23.308103561401367,8.630000114440918,7.4903035163879395,7.610141754150391,30.934059143066406,26.250350952148438,20.245786666870117,25.338178634643555,21.76976203918457,65.17205047607422,54.571128845214844,43.04338836669922,32.30128860473633,58.14628601074219
123,2023-06-30,14.644532203674316,23.00540542602539,8.90999984741211,7.620673179626465,7.807929992675781,31.6628475189209,26.18585205078125,18.93014144897461,24.113327026367188,22.098249435424805,65.3628921508789,55.58315658569336,43.209503173828125,32.7097282409668,57.00128173828125
124,2023-07-03,14.644532203674316,23.466442108154297,8.90999984741211,7.602894306182861,7.694908142089844,31.968149185180664,26.699979782104492,19.20462989807129,24.56243896484375,22.536230087280273,66.3012924194336,55.40629959106445,43.209503173828125,32.59675598144531,58.78535079956055
125,2023-07-04,14.387944221496582,23.317419052124023,8.949999809265137,7.537711143493652,7.694908142089844,32.10602569580078,26.534032821655273,19.195165634155273,24.619598388671875,22.645727157592773,66.12865447998047,54.571128845214844,43.707847595214844,32.50116729736328,58.49244689941406
126,2023-07-05,14.454466819763184,23.163740158081055,9.869999885559082,7.514007091522217,7.647815227508545,32.352237701416016,26.764524459838867,19.35607147216797,24.586936950683594,22.775131225585938,67.02059936523438,55.023101806640625,43.43424606323242,32.257843017578125,57.977638244628906
127,2023-07-06,14.093342781066895,22.823780059814453,9.399999618530273,7.407341480255127,7.628978252410889,32.184814453125,26.368078231811523,18.740840911865234,24.211313247680664,22.31723976135254,66.4163818359375,54.07984924316406,43.10201644897461,32.179630279541016,57.56047058105469
128,2023-07-07,14.112349510192871,23.266193389892578,10.079999923706055,7.46660041809082,7.628978252410889,32.47042465209961,26.865938186645508,19.327672958374023,24.08882713317871,22.615863800048828,67.26995849609375,55.023101806640625,43.49287414550781,32.30128860473633,58.10190200805664
129,2023-07-10,14.26440143585205,22.837753295898438,9.880000114440918,7.431044101715088,7.57246732711792,32.194664001464844,26.690767288208008,18.078285217285156,24.129655838012695,22.098249435424805,66.87673950195312,55.023101806640625,43.023841857910156,31.936311721801758,57.21430587768555
130,2023-07-11,13.903277397155762,22.511764526367188,9.699999809265137,7.407341480255127,7.619559288024902,32.34239196777344,26.220563888549805,17.851123809814453,23.803028106689453,22.11815643310547,66.62738037109375,54.04054641723633,43.04338836669922,31.70166778564453,59.09600830078125
131,2023-07-12,13.960296630859375,22.148521423339844,9.65999984741211,7.40141487121582,7.57246732711792,32.45072555541992,26.06382942199707,17.576637268066406,23.819358825683594,22.536230087280273,67.32750701904297,54.07984924316406,43.17041778564453,31.47572898864746,59.51318359375
132,2023-07-13,14.026820182800293,22.358083724975586,9.539999961853027,7.5317864418029785,7.666652679443359,32.844661712646484,26.349637985229492,17.463058471679688,24.19498062133789,22.685544967651367,67.25078582763672,54.531822204589844,43.356075286865234,31.47572898864746,60.897830963134766
133,2023-07-14,14.007813453674316,22.209060668945312,8.899999618530273,7.454747676849365,7.676070690155029,32.36208724975586,26.073047637939453,16.876222610473633,23.721370697021484,22.337148666381836,65.67789459228516,53.57874298095703,43.531959533691406,31.432273864746094,60.897830963134766
134,2023-07-17,14.083839416503906,22.404653549194336,8.65999984741211,7.454747676849365,7.619559288024902,32.58860397338867,26.580129623413086,16.999265670776367,23.672374725341797,22.56609344482422,66.54106903076172,53.25450134277344,43.38539123535156,31.64084243774414,60.22325134277344
135,2023-07-18,13.941290855407715,22.479164123535156,8.75,7.377712726593018,7.515956401824951,32.62799835205078,26.06382942199707,17.084453582763672,23.541725158691406,22.526275634765625,66.40678405761719,53.49031448364258,43.55150604248047,31.59739112854004,59.841583251953125
136,2023-07-19,13.903277397155762,22.08797836303711,8.720000267028809,7.348081588745117,7.525374889373779,32.85451126098633,25.78723907470703,16.828895568847656,23.76219940185547,22.695497512817383,66.61778259277344,53.22502517700195,42.47664260864258,31.449657440185547,59.68181610107422
137,2023-07-20,14.178872108459473,22.330142974853516,8.579999923706055,7.336230754852295,7.506538391113281,33.327239990234375,26.266660690307617,16.923547744750977,23.78669548034668,22.834856033325195,67.11650085449219,52.96956253051758,42.652530670166016,31.61476707458496,59.81496047973633
138,2023-07-21,14.539996147155762,22.595590591430664,8.779999732971191,7.448821544647217,7.638396739959717,33.59314727783203,26.73686408996582,17.32107925415039,24.235809326171875,23.242977142333984,67.45219421386719,54.26653289794922,43.05316162109375,31.814645767211914,60.17887878417969
139,2023-07-24,14.368937492370605,22.153179168701172,8.579999923706055,7.514007091522217,7.657234191894531,33.937843322753906,26.31276512145996,17.851123809814453,24.742084503173828,23.9099063873291,66.70410919189453,54.541648864746094,43.9912223815918,31.936311721801758,61.99843978881836
140,2023-07-25,14.283408164978027,22.036752700805664,8.390000343322754,7.50808048248291,7.798510551452637,33.7211799621582,26.368078231811523,17.642894744873047,25.313684463500977,23.979585647583008,65.37098693847656,54.80693817138672,44.1964225769043,31.493112564086914,63.915645599365234
141,2023-07-26,14.235891342163086,22.223031997680664,8.569999694824219,7.561413764953613,8.064494132995605,33.662086486816406,26.515588760375977,17.9836368560791,25.313684463500977,23.889997482299805,65.2654800415039,55.28839111328125,45.40808868408203,31.5626277923584,63.69374465942383
142,2023-07-27,13.969799995422363,21.766651153564453,8.579999923706055,7.419192790985107,7.772438049316406,33.021934509277344,25.925537109375,17.633424758911133,23.999004364013672,23.26288604736328,63.4432373046875,55.494728088378906,46.12140655517578,31.371444702148438,62.504364013671875
143,2023-07-28,14.216885566711426,22.018125534057617,9.1899995803833,7.46660041809082,7.781859397888184,33.37648010253906,26.31276512145996,17.642894744873047,24.301137924194336,23.26288604736328,64.00909423828125,55.70106506347656,46.13117599487305,31.449657440185547,60.02797317504883
144,2023-07-31,14.121851921081543,22.441905975341797,9.760000228881836,7.50808048248291,7.876070976257324,33.03178405761719,26.404953002929688,17.747007369995117,25.403507232666016,23.133481979370117,64.46944427490234,57.08646774291992,46.97152328491211,31.284542083740234,61.38600158691406
145,2023-08-01,14.235891342163086,22.05537986755371,9.770000457763672,7.484377384185791,7.942019462585449,32.54920959472656,26.485815048217773,17.652359008789062,24.987056732177734,22.894580841064453,64.73797607421875,54.728336334228516,47.27444076538086,31.39751625061035,60.53390121459961
146,2023-08-02,14.302414894104004,22.153179168701172,9.75,7.484377384185791,8.055073738098145,32.706783294677734,26.402788162231445,17.9836368560791,24.929895401000977,22.934398651123047,64.88185119628906,54.3156623840332,46.79563522338867,31.458349227905273,59.54867935180664
147,2023-08-03,13.903277397155762,22.190431594848633,9.680000305175781,7.389564037322998,8.045652389526367,32.2439079284668,26.1998291015625,17.55770492553711,25.24835777282715,23.183252334594727,63.989906311035156,52.66496658325195,48.505645751953125,31.6495304107666,59.921470642089844
148,2023-08-04,13.979303359985352,22.074010848999023,10.270000457763672,7.217712879180908,8.08333683013916,32.12572479248047,25.720115661621094,18.57046890258789,24.497112274169922,23.103618621826172,64.27763366699219,52.33089828491211,49.12125015258789,31.719051361083984,59.96584701538086
149,2023-08-07,13.950794219970703,22.036752700805664,10.079999923706055,7.122899055480957,8.130441665649414,32.06663513183594,25.51715850830078,17.9836368560791,24.652259826660156,23.133481979370117,63.67340850830078,52.252296447753906,49.36553955078125,31.588699340820312,60.26763916015625
150,2023-08-08,13.779735565185547,21.88307762145996,9.850000381469727,7.116972923278809,8.139863014221191,31.889362335205078,25.46180534362793,18.1256103515625,24.676759719848633,23.21311378479004,63.65422439575195,52.83200454711914,48.61313247680664,31.472686767578125,59.87709045410156
151,2023-08-09,13.665696144104004,21.761993408203125,9.65999984741211,7.194009780883789,8.177547454833984,31.928752899169922,25.369558334350586,17.32107925415039,24.872732162475586,23.750640869140625,63.510372161865234,52.380027770996094,48.17341613769531,30.920063018798828,59.335655212402344
152,2023-08-10,13.656192779541016,21.873762130737305,9.829999923706055,7.217712879180908,8.262337684631348,31.840120315551758,25.452587127685547,17.718612670898438,25.011552810668945,23.870088577270508,63.82686233520508,52.232643127441406,48.22227096557617,31.089420318603516,58.63446044921875
153,2023-08-11,13.646689414978027,22.111265182495117,9.949999809265137,7.342156887054443,8.544971466064453,31.909059524536133,25.49871063232422,17.519847869873047,24.95439338684082,22.695497512817383,63.884403228759766,55.1803092956543,49.02353286743164,31.04485511779785,58.14628601074219
154,2023-08-14,13.618179321289062,21.89238739013672,9.850000381469727,7.3243794441223145,8.469602584838867,31.820423126220703,25.129695892333984,16.630130767822266,25.019716262817383,22.735315322875977,61.640159606933594,55.19013595581055,49.75639724731445,31.035940170288086,56.59960174560547
155,2023-08-15,13.494636535644531,21.775962829589844,10.529999732971191,7.087343692779541,8.290600776672363,31.190120697021484,24.99131965637207,16.507083892822266,25.199365615844727,22.91448974609375,62.3306999206543,53.81455993652344,48.896507263183594,30.750715255737305,56.04182815551758
156,2023-08-16,13.475630760192871,21.96224021911621,10.300000190734863,7.0932698249816895,8.234073638916016,30.89466667175293,24.972864151000977,16.554407119750977,25.754634857177734,22.615863800048828,61.4675178527832,56.79170227050781,48.76947784423828,30.706146240234375,55.82238006591797
157,2023-08-17,13.513644218444824,22.167146682739258,10.050000190734863,7.116972923278809,8.205810546875,30.874969482421875,24.677658081054688,16.19473648071289,25.672975540161133,22.11815643310547,60.18235397338867,57.52861785888672,49.24828338623047,30.750715255737305,56.608741760253906
158,2023-08-18,13.646689414978027,22.255632400512695,10.199999809265137,7.116972923278809,8.234073638916016,31.41663360595703,24.87139129638672,16.431364059448242,25.738298416137695,22.167926788330078,60.39335250854492,58.79611587524414,49.521881103515625,30.946805953979492,55.97782897949219
159,2023-08-21,13.599173545837402,22.17645835876465,9.930000305175781,7.235491752624512,8.15870475769043,31.17042350769043,24.769912719726562,16.19473648071289,25.55865478515625,22.0086612701416,59.942588806152344,57.450016021728516,48.93559265136719,30.706146240234375,56.05097579956055
160,2023-08-22,13.70370864868164,22.408557891845703,9.949999809265137,7.259193420410156,8.16812515258789,31.3575439453125,25.157371520996094,16.26099395751953,25.94800567626953,22.725360870361328,62.05256271362305,58.70768356323242,48.710845947265625,30.750715255737305,57.22137451171875
161,2023-08-23,13.732218742370605,22.506654739379883,9.720000267028809,7.2414164543151855,8.234073638916016,31.58405876159668,25.47103500366211,16.47869110107422,27.329753875732422,23.193204879760742,63.68300247192383,58.019893646240234,48.34930419921875,30.8131046295166,57.6419792175293
162,2023-08-24,13.485133171081543,22.212360382080078,9.729999542236328,7.276971340179443,8.234073638916016,31.613603591918945,25.175825119018555,15.986505508422852,27.28736686706543,23.023984909057617,62.84859848022461,58.15745162963867,48.22227096557617,31.107250213623047,56.87390899658203
163,2023-08-25,13.295068740844727,21.922733306884766,9.40999984741211,7.253268718719482,8.318863868713379,31.13102912902832,24.77913475036621,15.721484184265137,27.100872039794922,22.546184539794922,60.43172073364258,57.91181182861328,48.759708404541016,30.99137306213379,56.75503921508789
164,2023-08-28,13.504140853881836,22.553369522094727,9.65999984741211,7.306600570678711,8.318863868713379,31.17042350769043,25.618642807006836,15.806670188903809,27.40604591369629,22.645727157592773,60.2878532409668,58.000244140625,49.15056610107422,30.955720901489258,57.56882858276367
165,2023-08-29,13.551656723022461,22.67949867248535,9.619999885559082,7.359934329986572,8.318863868713379,31.67269515991211,26.024551391601562,15.806670188903809,27.46538543701172,22.765178680419922,61.03593826293945,58.019893646240234,49.981143951416016,31.142892837524414,59.40672302246094
166,2023-08-30,13.475630760192871,22.352500915527344,9.420000076293945,7.4725260734558105,8.309442520141602,31.81057357788086,25.526384353637695,15.560577392578125,27.65187644958496,22.526275634765625,60.87289047241211,57.725128173828125,49.66845703125,31.027023315429688,59.41586685180664
167,2023-08-31,13.152520179748535,22.00214958190918,9.039999961853027,7.306600570678711,8.15870475769043,31.18027114868164,25.30497932434082,15.172510147094727,27.075443267822266,22.247560501098633,60.661895751953125,56.90960693359375,49.00399398803711,30.48331642150879,59.507301330566406
168,2023-09-01,13.181029319763184,22.151630401611328,9.069999694824219,7.383638381958008,8.243494987487793,31.41663360595703,25.52435874938965,15.8729248046875,27.66035270690918,22.56609344482422,61.12225341796875,57.69565200805664,49.932281494140625,31.116159439086914,62.99105453491211
169,2023-09-04,13.171525955200195,22.08156394958496,9.369999885559082,7.359934329986572,8.196389198303223,31.54466438293457,25.293575286865234,15.560577392578125,27.37213706970215,22.496414184570312,60.7578010559082,57.82338333129883,49.80525588989258,31.071590423583984,63.4573860168457
170,2023-09-05,13.314075469970703,22.00214958190918,9.380000114440918,7.271045684814453,8.111599922180176,30.85527229309082,24.915096282958984,15.210370063781738,28.287649154663086,21.978797912597656,59.66444778442383,57.54826736450195,49.512107849121094,30.57244873046875,63.183067321777344
171,2023-09-06,13.285565376281738,21.852664947509766,9.039999961853027,7.176231384277344,7.9985456466674805,30.234819412231445,24.675085067749023,14.737115859985352,28.414806365966797,21.76976203918457,58.110740661621094,56.85065460205078,48.720619201660156,30.305049896240234,62.16811752319336
172,2023-09-08,13.019474029541016,21.787267684936523,8.859999656677246,7.2058610916137695,7.9985456466674805,30.67799949645996,24.71201515197754,14.689790725708008,28.313079833984375,21.978797912597656,57.88056182861328,56.67379379272461,47.68484115600586,30.527881622314453,60.99772262573242
173,2023-09-11,13.181029319763184,22.13294792175293,8.739999771118164,7.342156887054443,8.149284362792969,31.31814956665039,25.339733123779297,14.907486915588379,28.287649154663086,22.038522720336914,58.73413848876953,57.970767974853516,48.82810592651367,30.928977966308594,61.875518798828125
174,2023-09-12,13.028977394104004,22.252534866333008,8.930000305175781,7.413266658782959,8.271759033203125,31.830270767211914,25.487436294555664,15.153579711914062,28.42327880859375,22.655681610107422,59.62609100341797,58.4423942565918,49.12125015258789,31.00028419494629,61.829803466796875
175,2023-09-13,12.962454795837402,22.233718872070312,9.25,7.448821544647217,8.347126960754395,32.65754318237305,25.616674423217773,15.380741119384766,27.99942970275879,23.21311378479004,60.35498809814453,59.03192901611328,49.101707458496094,31.00028419494629,61.592063903808594
176,2023-09-14,12.857917785644531,22.29487419128418,9.25,7.525857925415039,8.384811401367188,32.884056091308594,25.515125274658203,15.20090389251709,28.71149444580078,23.830272674560547,59.2904052734375,60.24047088623047,50.05931091308594,31.125070571899414,64.11573791503906
177,2023-09-15,12.753382682800293,22.37015151977539,8.960000038146973,7.585116863250732,8.544971466064453,33.44541931152344,25.459745407104492,14.746581077575684,28.728452682495117,23.730731964111328,57.832603454589844,58.97297668457031,51.32960510253906,31.472686767578125,63.58539581298828
178,2023-09-18,12.724872589111328,22.276060104370117,9.350000381469727,7.579190254211426,8.365970611572266,32.67723846435547,25.395122528076172,14.604604721069336,28.931901931762695,23.631189346313477,57.50651931762695,59.51337814331055,50.860572814941406,31.330074310302734,62.835609436035156
179,2023-09-19,12.762886047363281,22.243125915527344,9.470000267028809,7.650301933288574,8.479023933410645,32.77572250366211,25.31988525390625,13.81900405883789,28.999713897705078,23.641143798828125,57.44896697998047,59.7393684387207,51.573890686035156,31.205291748046875,62.95447540283203
180,2023-09-20,12.800899505615234,22.440717697143555,9.460000038146973,7.79252290725708,8.50728702545166,33.03178405761719,25.748722076416016,13.875794410705566,29.067529678344727,23.77054786682129,57.30510711669922,59.405296325683594,53.635677337646484,31.27659797668457,63.375091552734375
181,2023-09-21,12.58232307434082,21.927921295166016,9.359999656677246,7.674005508422852,8.50728702545166,32.64769744873047,25.161407470703125,13.203775405883789,28.618249893188477,23.37238121032715,56.1158447265625,60.61384201049805,54.730079650878906,31.178546905517578,61.7200813293457
182,2023-09-22,12.468284606933594,21.96555519104004,9.65999984741211,7.638450622558594,8.479023933410645,32.38178634643555,25.096153259277344,13.146984100341797,28.847124099731445,23.32261085510254,55.77058029174805,60.26994705200195,54.114479064941406,31.13398551940918,62.177268981933594
183,2023-09-25,12.56331729888916,21.838533401489258,9.6899995803833,7.668079376220703,8.582655906677246,32.253753662109375,25.170724868774414,13.061798095703125,29.03362274169922,23.282793045043945,55.502037048339844,60.27976989746094,53.9483642578125,30.955720901489258,60.89714813232422
184,2023-09-26,12.392258644104004,21.528032302856445,9.960000038146973,7.505663871765137,8.46018123626709,31.89920997619629,24.79783058166504,12.456034660339355,28.363943099975586,22.745269775390625,54.99372100830078,58.9631462097168,53.11779022216797,30.723976135253906,59.94620132446289
185,2023-09-27,12.325736045837402,21.716218948364258,10.0600004196167,7.439507961273193,8.215231895446777,31.41663360595703,24.751216888427734,12.37896728515625,29.262502670288086,22.19778823852539,54.2744140625,57.91181182861328,52.834415435791016,30.652671813964844,60.0742073059082
186,2023-09-28,12.335238456726074,22.41248893737793,10.15999984741211,7.457550048828125,8.413076400756836,31.652997970581055,25.403791427612305,12.87796401977539,29.20315933227539,22.67559051513672,55.246036529541016,58.22623062133789,52.59989929199219,30.795278549194336,60.988582611083984
187,2023-09-29,12.458781242370605,22.19607925415039,10.1899995803833,7.463564395904541,8.441339492797852,31.57421112060547,25.366500854492188,12.858772277832031,29.364221572875977,22.71540641784668,56.638797760009766,59.965354919433594,53.039615631103516,30.8041934967041,61.79323196411133
188,2023-10-02,12.439774513244629,22.134920120239258,10.399999618530273,7.439507961273193,8.445671081542969,31.34769630432129,25.13109588623047,12.330986976623535,28.923419952392578,22.337148666381836,54.64638137817383,59.444602966308594,52.980987548828125,30.750715255737305,61.253746032714844
189,2023-10-03,12.401762008666992,21.852649688720703,10.4399995803833,7.271111488342285,8.28908920288086,31.071937561035156,24.813928604125977,12.023910522460938,28.796268463134766,21.570676803588867,53.29231262207031,59.051578521728516,54.016761779785156,30.15353012084961,60.87885665893555
190,2023-10-04,12.553813934326172,22.01730728149414,10.449999809265137,7.3432817459106445,8.22058391571045,30.95375633239746,25.38296127319336,12.407755851745605,27.65187644958496,21.620447158813477,53.71787643432617,59.77867126464844,53.7431640625,30.527881622314453,60.22965621948242
191,2023-10-05,12.249710083007812,22.08316993713379,10.489999771118164,7.33726692199707,8.171652793884277,30.85527229309082,25.78409194946289,12.215832710266113,27.7451229095459,21.481090545654297,53.67919158935547,59.444602966308594,53.99721908569336,30.51896858215332,60.257080078125
192,2023-10-06,12.534807205200195,22.981739044189453,10.680000305175781,7.289154529571533,8.161866188049316,30.658302307128906,26.02663230895996,12.081489562988281,28.40632438659668,21.690128326416016,52.770023345947266,59.14000701904297,54.915740966796875,30.429840087890625,61.134883880615234
193,2023-10-09,12.515800476074219,22.85942268371582,10.84000015258789,7.439507961273193,8.240157127380371,30.95375633239746,25.802751541137695,12.167853355407715,29.627012252807617,21.968843460083008,52.90542984008789,60.1815185546875,55.40431594848633,30.2783145904541,60.695980072021484
194,2023-10-10,12.591827392578125,22.82178497314453,11.25,7.5116777420043945,8.35759449005127,31.790876388549805,25.774765014648438,12.47492790222168,29.847410202026367,22.824901580810547,54.23048782348633,61.39006042480469,55.160030364990234,30.447662353515625,61.06173324584961
195,2023-10-11,12.629839897155762,23.03819465637207,11.0,7.529720783233643,8.36738109588623,31.456029891967773,26.10126304626465,12.570890426635742,29.7711181640625,22.96426010131836,53.7662353515625,61.08546829223633,55.3554573059082,30.322879791259766,61.592063903808594
196,2023-10-13,12.335238456726074,22.967626571655273,10.850000381469727,7.307196140289307,8.191224098205566,30.303756713867188,25.830738067626953,12.177449226379395,30.754444122314453,22.396873474121094,52.02528762817383,60.210994720458984,57.2218132019043,29.85938835144043,60.88799285888672
197,2023-10-16,12.363748550415039,23.433378219604492,10.800000190734863,7.35530948638916,8.259729385375977,30.412090301513672,25.86804962158203,12.436542510986328,31.093528747558594,22.45659828186035,51.59972381591797,61.71430587768555,56.05900192260742,30.108957290649414,61.53721237182617
198,2023-10-17,12.164179801940918,23.221675872802734,10.609999656677246,7.222998142242432,8.13250732421875,30.156030654907227,25.485580444335938,12.292603492736816,31.932743072509766,21.80957794189453,51.251529693603516,60.201168060302734,56.15671920776367,29.82373809814453,62.04010772705078
199,2023-10-18,11.907591819763184,23.1087646484375,10.390000343322754,7.024532318115234,7.917205333709717,29.614362716674805,24.9538516998291,11.745624542236328,32.653289794921875,21.20237159729004,49.39452362060547,58.47187042236328,54.798484802246094,29.94852066040039,59.76332092285156
200,2023-10-19,11.898089408874512,23.28753662109375,10.390000343322754,7.084671974182129,8.152078628540039,30.185575485229492,25.243038177490234,11.84158706665039,32.500701904296875,21.570676803588867,49.39452362060547,59.33652114868164,54.700767517089844,30.100046157836914,58.903812408447266
201,2023-10-20,11.86957836151123,23.212265014648438,10.789999961853027,7.102714538574219,8.171652793884277,30.530271530151367,25.14975357055664,11.726432800292969,32.0853271484375,21.47113609313965,49.326820373535156,58.40309143066406,53.645450592041016,30.09113121032715,57.312808990478516
202,2023-10-23,11.860074996948242,23.179330825805664,10.989999771118164,7.162856578826904,8.191224098205566,30.973453521728516,25.1777400970459,11.899162292480469,29.966089248657227,22.327194213867188,50.02320098876953,60.07343673706055,53.15687561035156,30.20700454711914,57.20308303833008
203,2023-10-24,11.898089408874512,23.071125030517578,11.100000381469727,7.174884796142578,8.22058391571045,31.20981788635254,25.1777400970459,11.87997055053711,30.41536521911621,22.128110885620117,50.88399887084961,59.650936126708984,51.310062408447266,30.20700454711914,58.51063537597656
204,2023-10-25,11.822062492370605,23.07583236694336,11.130000114440918,7.126771926879883,8.112933158874512,31.140878677368164,25.224382400512695,11.85118293762207,30.576431274414062,21.94893455505371,49.67500686645508,59.02210235595703,51.398006439208984,30.135700225830078,58.455772399902344
205,2023-10-26,12.00262451171875,23.555696487426758,10.880000114440918,7.3132100105285645,8.426098823547363,32.214359283447266,25.84939193725586,12.167853355407715,30.26278305053711,22.66563606262207,50.52613830566406,59.91622543334961,51.5054931640625,30.581363677978516,59.70846176147461
206,2023-10-27,11.679512977600098,22.958219528198242,10.520000457763672,7.174884796142578,8.338021278381348,31.43633270263672,25.466920852661133,11.716836929321289,30.042381286621094,21.998706817626953,48.78519058227539,58.520999908447266,50.733543395996094,30.269399642944336,61.784088134765625
207,2023-10-30,11.7460355758667,22.798263549804688,10.050000190734863,7.078658580780029,8.191224098205566,30.786333084106445,25.261695861816406,11.457741737365723,29.737211227416992,21.9190731048584,48.65945816040039,57.56792068481445,50.46971893310547,30.082218170166016,62.34185028076172
208,2023-10-31,12.221199035644531,22.746511459350586,10.670000076293945,7.060616493225098,8.210798263549805,31.12118148803711,25.019153594970703,11.764817237854004,29.448993682861328,22.20774269104004,49.201080322265625,57.35175704956055,50.391544342041016,30.117874145507812,63.091636657714844
209,2023-11-01,12.344741821289062,22.770036697387695,11.140000343322754,7.361324310302734,8.416312217712402,31.77117919921875,25.37167739868164,11.774413108825684,29.7711181640625,22.894580841064453,50.21664047241211,58.37361526489258,50.274288177490234,30.296138763427734,64.29859924316406
210,2023-11-03,12.629839897155762,23.569808959960938,11.34000015258789,7.547762393951416,8.5337495803833,32.41133117675781,26.07177734375,12.70523452758789,30.127151489257812,23.023984909057617,53.01182174682617,59.827796936035156,49.99091339111328,30.955720901489258,65.10325622558594
211,2023-11-06,12.838912010192871,23.734468460083008,12.800000190734863,7.625946521759033,8.651185989379883,32.77572250366211,26.31447982788086,12.100680351257324,30.101716995239258,23.023984909057617,52.238067626953125,59.54285430908203,50.70423126220703,31.365726470947266,65.3775634765625
212,2023-11-07,12.895931243896484,24.00263023376465,12.600000381469727,7.680074691772461,8.75883674621582,32.68708801269531,27.051921844482422,12.647659301757812,29.601579666137695,22.795040130615234,53.52444076538086,60.03413391113281,50.87034606933594,31.90943717956543,64.07916259765625
213,2023-11-08,12.86742115020752,24.308422088623047,11.460000038146973,7.619931697845459,8.66097354888916,32.844661712646484,27.17327308654785,12.906752586364746,28.965803146362305,22.546184539794922,53.67919158935547,59.86709976196289,52.267669677734375,31.8292179107666,64.12487030029297
214,2023-11-09,12.743879318237305,23.292240142822266,11.579999923706055,7.698116779327393,8.631612777709961,32.7954216003418,27.29462242126465,13.002713203430176,29.567670822143555,22.745269775390625,53.4373893737793,60.05378341674805,52.209041595458984,31.775737762451172,64.43576049804688
215,2023-11-10,12.686860084533691,23.635677337646484,12.149999618530273,7.734201431274414,8.778409957885742,33.20905685424805,27.621335983276367,12.436542510986328,29.43204116821289,22.984169006347656,54.82047653198242,60.06361389160156,53.391387939453125,32.114437103271484,65.42328643798828
216,2023-11-13,12.762886047363281,23.546287536621094,12.3100004196167,7.650002956390381,8.768623352050781,32.90375518798828,27.43464469909668,12.810791969299316,30.254304885864258,22.695497512817383,53.485748291015625,60.87913131713867,52.86372756958008,32.3283576965332,65.28612518310547
217,2023-11-14,13.019474029541016,23.659194946289062,12.829999923706055,7.878541946411133,9.062215805053711,33.47496795654297,27.845367431640625,13.463326454162598,30.669673919677734,23.302701950073242,57.06436538696289,62.23505783081055,51.30029296875,32.975154876708984,67.30689239501953
218,2023-11-16,12.99096393585205,23.654491424560547,13.859999656677246,8.07099437713623,9.20901107788086,33.88860321044922,28.29343032836914,13.818382263183594,30.13562774658203,23.501785278320312,58.90202713012695,63.60081481933594,52.179725646972656,32.839229583740234,67.75492858886719
219,2023-11-17,12.92444133758545,23.83326530456543,14.210000038146973,8.040922164916992,9.140506744384766,33.73102569580078,28.424123764038086,13.770402908325195,31.11895179748535,23.143436431884766,58.8053092956543,63.53203582763672,51.7302360534668,32.80298614501953,67.88294219970703
220,2023-11-20,12.92444133758545,23.960289001464844,14.3100004196167,7.812385559082031,9.130720138549805,33.73102569580078,28.70416259765625,14.058284759521484,31.14438819885254,23.452014923095703,58.88268280029297,63.29621505737305,51.69115447998047,32.86642074584961,69.5470962524414
221,2023-11-21,12.772388458251953,24.12965202331543,14.15999984741211,7.559790134429932,9.042641639709473,33.543907165527344,28.657485961914062,13.818382263183594,30.8222599029541,22.795040130615234,58.07024383544922,63.85627365112305,51.76932144165039,32.84829330444336,71.22954559326172
222,2023-11-22,12.895931243896484,23.922649383544922,14.210000038146973,6.826064109802246,9.120933532714844,34.02648162841797,28.834850311279297,14.374955177307129,30.973119735717773,22.56609344482422,58.22499465942383,64.8486557006836,52.209041595458984,33.12919998168945,69.12017059326172
223,2023-11-23,12.876925468444824,24.00263023376465,14.100000381469727,6.609554767608643,9.160079002380371,34.35148239135742,28.797510147094727,14.42293643951416,30.98192596435547,22.804994583129883,58.72793197631836,66.55829620361328,52.57058334350586,33.373863220214844,68.68614959716797
224,2023-11-24,12.724872589111328,23.974403381347656,14.039999961853027,6.350945949554443,9.267729759216309,34.21360397338867,28.638816833496094,13.97192096710205,31.07002067565918,22.45659828186035,57.83811569213867,67.11835479736328,52.24812698364258,33.21076202392578,68.10437774658203
225,2023-11-27,12.905434608459473,24.416629791259766,14.5,6.387030601501465,9.346020698547363,34.10527038574219,28.56414031982422,14.269399642944336,30.893836975097656,22.466552734375,57.06436538696289,66.5091781616211,52.521728515625,33.27418899536133,67.69805908203125
226,2023-11-28,12.971957206726074,24.769472122192383,14.850000381469727,6.441157817840576,9.257944107055664,34.00678253173828,28.84418296813965,14.825973510742188,31.3607234954834,22.576047897338867,57.12239456176758,66.49935150146484,52.13086700439453,33.09295654296875,67.84581756591797
227,2023-11-29,12.63934326171875,24.80710792541504,15.09000015258789,6.507313251495361,9.20901107788086,33.642391204833984,29.04020881652832,15.440122604370117,31.034780502319336,22.795040130615234,57.28681945800781,65.66417694091797,53.01029968261719,32.98421859741211,67.82733917236328
228,2023-11-30,13.009970664978027,25.53160858154297,14.65999984741211,6.65766716003418,9.257944107055664,33.543907165527344,29.488271713256836,15.70881462097168,31.633804321289062,22.795040130615234,58.07024383544922,66.38143920898438,52.55104064941406,33.0385856628418,68.19671630859375
229,2023-12-01,13.380598068237305,25.58336067199707,15.180000305175781,6.615569591522217,9.169865608215332,33.65223693847656,29.420700073242188,15.71841049194336,31.42238426208496,22.66563606262207,58.747276306152344,67.4622573852539,50.57720184326172,33.06577682495117,69.46185302734375
230,2023-12-04,13.361592292785645,25.484561920166016,15.130000114440918,6.633612155914307,9.042641639709473,33.48481369018555,29.45806312561035,15.401738166809082,30.75288963317871,22.47650718688965,58.66022491455078,66.79412078857422,50.60651779174805,33.002342224121094,67.9012222290039
231,2023-12-05,13.532649993896484,25.484561920166016,14.510000228881836,6.687739372253418,9.248157501220703,33.937843322753906,29.70089340209961,15.593660354614258,30.611940383911133,22.3570556640625,58.8053092956543,66.79412078857422,50.274288177490234,33.111083984375,67.27327728271484
232,2023-12-06,13.295068740844727,24.93883514404297,13.880000114440918,6.693752288818359,9.336235046386719,33.48481369018555,29.439382553100586,15.71841049194336,29.510791778564453,22.446643829345703,59.06644821166992,67.78649139404297,49.90296936035156,32.90266799926758,66.83001708984375
233,2023-12-07,13.380598068237305,25.343425750732422,13.699999809265137,6.65766716003418,9.35580825805664,33.701480865478516,29.76626205444336,15.948716163635254,29.44031524658203,22.287376403808594,59.4726676940918,66.75481414794922,49.74662399291992,32.594566345214844,67.04241180419922
234,2023-12-08,13.599173545837402,25.61629295349121,13.84000015258789,6.567455768585205,9.365593910217285,33.73102569580078,30.142810821533203,15.78558349609375,30.382905960083008,22.06838607788086,59.07612228393555,66.47969818115234,50.77000045776367,32.712371826171875,67.22710418701172
235,2023-12-11,13.608675956726074,25.611587524414062,13.819999694824219,6.519342422485352,9.326448440551758,33.61284637451172,29.935707092285156,15.612853050231934,30.26838493347168,22.048477172851562,59.12447738647461,67.7471923828125,51.400001525878906,32.449581146240234,67.28250885009766
236,2023-12-12,13.523146629333496,24.855186462402344,13.760000228881836,6.60353946685791,9.35580825805664,33.57345199584961,29.78508758544922,15.536084175109863,30.021724700927734,22.227651596069336,58.53449630737305,68.0223159790039,50.959999084472656,32.52207565307617,67.40255737304688
237,2023-12-13,13.969799995422363,25.08243179321289,14.069999694824219,6.8080220222473145,9.649399757385254,33.977237701416016,30.688806533813477,16.054271697998047,30.453378677368164,22.237606048583984,60.85576248168945,70.20358276367188,51.849998474121094,33.30137634277344,67.41178894042969
238,2023-12-14,13.779735565185547,25.24813461303711,13.8100004196167,6.868163108825684,9.717905044555664,34.18405532836914,30.942983627319336,16.74519157409668,31.11406707763672,22.844810485839844,63.1673469543457,70.05620574951172,52.40999984741211,33.482608795166016,67.78117370605469
239,2023-12-15,13.751225471496582,25.854127883911133,13.59000015258789,6.826064109802246,9.717905044555664,33.77042007446289,30.811187744140625,16.60124969482422,31.18454360961914,22.71540641784668,61.93901062011719,69.928466796875,52.630001068115234,33.71820831298828,68.2059555053711
240,2023-12-18,13.827251434326172,25.873065948486328,13.890000343322754,6.928305149078369,9.688545227050781,33.977237701416016,30.96180534362793,16.60124969482422,31.5721435546875,22.10820198059082,62.258182525634766,70.95032501220703,52.54999923706055,33.52791213989258,68.52915954589844
241,2023-12-19,13.969799995422363,25.967750549316406,14.239999771118164,7.030544281005859,9.81576919555664,34.252994537353516,30.980634689331055,16.639636993408203,31.933320999145508,22.297330856323242,62.23884963989258,71.51038360595703,52.970001220703125,33.917564392089844,69.00936126708984
242,2023-12-20,13.739999771118164,25.664756774902344,14.130000114440918,6.952361106872559,9.796195983886719,34.784812927246094,30.660573959350586,16.41892433166504,32.0478401184082,22.496414184570312,61.13624572753906,71.3335189819336,53.900001525878906,33.81788635253906,68.78772735595703
243,2023-12-21,13.699999809265137,25.7026309967041,13.979999542236328,6.9102630615234375,9.90384578704834,34.75526809692383,30.867671966552734,16.614286422729492,32.05664825439453,22.71540641784668,62.412933349609375,72.94490814208984,54.45000076293945,33.845069885253906,71.07788848876953
244,2023-12-22,13.710000038146973,25.773643493652344,13.800000190734863,6.987062454223633,9.962565422058105,34.67647933959961,31.35719108581543,17.16680335998535,32.36497116088867,22.795040130615234,62.403263092041016,73.57374572753906,54.939998626708984,34.0897331237793,70.54228210449219
245,2023-12-26,13.770000457763672,26.010358810424805,13.729999542236328,7.120330810546875,10.080002784729004,34.67647933959961,31.67725372314453,17.040794372558594,32.88471984863281,22.804994583129883,62.09375762939453,72.85648345947266,55.220001220703125,34.162227630615234,70.79161834716797
246,2023-12-27,13.84000015258789,25.972484588623047,13.8100004196167,7.145715713500977,10.128933906555176,34.942386627197266,31.89376449584961,17.0117130279541,32.91114044189453,22.894580841064453,61.94711685180664,73.5541000366211,55.54999923706055,34.21659469604492,71.4749755859375
247,2023-12-28,13.729999542236328,26.22340202331543,13.8100004196167,7.285330772399902,10.138720512390137,35.17875289916992,31.97850227355957,16.885700225830078,32.8054313659668,22.844810485839844,61.94711685180664,74.0551986694336,55.630001068115234,34.77841567993164,71.29027557373047
248,2024-01-02,13.710000038146973,25.92514419555664,13.25,7.196484565734863,9.933205604553223,34.469661712646484,31.57127571105957,16.682140350341797,33.2811279296875,22.148019790649414,59.667930603027344,72.34555053710938,55.13999938964844,34.551876068115234,71.15176391601562
249,2024-01-03,13.600000381469727,25.948814392089844,12.600000381469727,7.2789835929870605,9.864700317382812,34.65678024291992,31.22279167175293,16.37195587158203,34.32061004638672,22.277421951293945,59.317291259765625,72.18834686279297,55.45000076293945,34.76935577392578,70.78237915039062
250,2024-01-04,13.649999618530273,25.674222946166992,12.569999694824219,7.247253894805908,9.786410331726074,34.30223846435547,31.015579223632812,15.732198715209961,34.0299072265625,22.297330856323242,58.080291748046875,71.34334564208984,54.61000061035156,34.48521423339844,69.83123016357422
251,2024-01-05,13.600000381469727,25.98195457458496,12.760000228881836,7.32340669631958,9.864700317382812,34.252994537353516,31.740814208984375,16.129621505737305,34.109188079833984,22.546184539794922,58.92768478393555,71.08788299560547,54.04999923706055,34.66962432861328,68.93548583984375
252,2024-01-08,13.710000038146973,26.204465866088867,12.699999809265137,7.4566755294799805,9.835341453552246,34.17420959472656,31.40174674987793,16.7499942779541,33.85372543334961,23.531646728515625,61.16790771484375,71.98200988769531,54.75,34.48521423339844,68.58456420898438
253,2024-01-09,13.619999885559082,25.811519622802734,12.720000267028809,7.615328788757324,10.001710891723633,34.4204216003418,31.382905960083008,16.294408798217773,33.56302261352539,23.392290115356445,60.59324645996094,72.16869354248047,54.08000183105469,34.89091873168945,67.71653747558594
254,2024-01-10,13.760000228881836,25.768911361694336,12.680000305175781,7.621674060821533,9.97235107421875,34.89314651489258,31.354646682739258,15.984224319458008,33.25469970703125,23.700868606567383,61.36271286010742,73.45584106445312,53.77000045776367,34.7802734375,66.70073699951172
255,2024-01-11,13.5600004196167,25.944080352783203,12.5,7.672443389892578,9.933205604553223,34.34162902832031,31.411155700683594,15.945452690124512,33.53659439086914,23.004077911376953,59.42443084716797,75.25391387939453,54.15999984741211,34.531314849853516,67.05164337158203
256,2024-01-12,13.59000015258789,26.095577239990234,12.869999885559082,7.678789138793945,9.90384578704834,34.34162902832031,31.448837280273438,16.439807891845703,33.62468338012695,23.3624267578125,59.41468811035156,75.6960678100586,53.58000183105469,34.65118408203125,66.20207214355469
